s,v,T_stride,lam1_re,lam1_im,lam2_re,lam2_im,lam3_re,lam3_im,abs_lam1,abs_lam2,abs_lam3,stable
0.230160,0.063490,3.625147,-1.00000000,0.00000000,0.97386483,0.00000000,0.00000000,0.00000000,1.00000000,0.97386483,0.00000000,1
0.233066,0.064290,3.625246,-1.00000000,0.00000000,0.97320033,0.00000000,0.00000000,0.00000000,1.00000000,0.97320033,0.00000000,1
0.235972,0.065089,3.625346,-1.00000000,0.00000000,0.97252746,0.00000000,0.00000000,0.00000000,1.00000000,0.97252746,0.00000000,1
0.238878,0.065889,3.625447,-1.00000000,0.00000000,0.97184622,0.00000000,0.00000000,0.00000000,1.00000000,0.97184622,0.00000000,1
0.241784,0.066689,3.625549,-1.00000000,0.00000000,0.97115662,0.00000000,0.00000000,0.00000000,1.00000000,0.97115662,0.00000000,1
0.244689,0.067488,3.625651,-1.00000000,0.00000000,0.97045865,0.00000000,0.00000000,0.00000000,1.00000000,0.97045865,0.00000000,1
0.247595,0.068288,3.625755,-1.00000000,0.00000000,0.96975232,0.00000000,0.00000000,0.00000000,1.00000000,0.96975232,0.00000000,1
0.250501,0.069087,3.625859,-1.00000000,0.00000000,0.96903761,0.00000000,0.00000000,0.00000000,1.00000000,0.96903761,0.00000000,1
0.253407,0.069887,3.625964,-1.00000000,0.00000000,0.96831453,0.00000000,0.00000000,0.00000000,1.00000000,0.96831453,0.00000000,1
0.256313,0.070686,3.626070,-1.00000000,0.00000000,0.96758308,0.00000000,0.00000000,0.00000000,1.00000000,0.96758308,0.00000000,1
0.259218,0.071485,3.626176,-1.00000000,0.00000000,0.96684326,0.00000000,0.00000000,0.00000000,1.00000000,0.96684326,0.00000000,1
0.262124,0.072285,3.626284,-1.00000000,0.00000000,0.96609507,0.00000000,0.00000000,0.00000000,1.00000000,0.96609507,0.00000000,1
0.265030,0.073084,3.626392,-1.00000000,0.00000000,0.96533850,0.00000000,0.00000000,0.00000000,1.00000000,0.96533850,0.00000000,1
0.267936,0.073883,3.626501,-1.00000000,0.00000000,0.96457355,0.00000000,0.00000000,0.00000000,1.00000000,0.96457355,0.00000000,1
0.270842,0.074682,3.626610,-1.00000000,0.00000000,0.96380023,0.00000000,0.00000000,0.00000000,1.00000000,0.96380023,0.00000000,1
0.273747,0.075481,3.626720,-1.00000000,0.00000000,0.96301853,0.00000000,0.00000000,0.00000000,1.00000000,0.96301853,0.00000000,1
0.276653,0.076280,3.626831,-1.00000000,0.00000000,0.96222845,0.00000000,0.00000000,0.00000000,1.00000000,0.96222845,0.00000000,1
0.279559,0.077078,3.626942,-1.00000000,0.00000000,0.96142999,0.00000000,0.00000000,0.00000000,1.00000000,0.96142999,0.00000000,1
0.282465,0.077877,3.627054,-1.00000000,0.00000000,0.96062315,0.00000000,0.00000000,0.00000000,1.00000000,0.96062315,0.00000000,1
0.285371,0.078676,3.627167,-1.00000000,0.00000000,0.95980793,0.00000000,0.00000000,0.00000000,1.00000000,0.95980793,0.00000000,1
0.288277,0.079475,3.627280,-1.00000000,0.00000000,0.95898433,0.00000000,0.00000000,0.00000000,1.00000000,0.95898433,0.00000000,1
0.291182,0.080273,3.627394,-1.00000000,0.00000000,0.95815234,0.00000000,0.00000000,0.00000000,1.00000000,0.95815234,0.00000000,1
0.294088,0.081072,3.627508,-1.00000000,0.00000000,0.95731196,0.00000000,0.00000000,0.00000000,1.00000000,0.95731196,0.00000000,1
0.296994,0.081870,3.627623,-1.00000000,0.00000000,0.95646319,0.00000000,0.00000000,0.00000000,1.00000000,0.95646319,0.00000000,1
0.299900,0.082669,3.627739,-1.00000000,0.00000000,0.95560603,0.00000000,0.00000000,0.00000000,1.00000000,0.95560603,0.00000000,1
0.302806,0.083467,3.627855,-1.00000000,0.00000000,0.95474048,0.00000000,0.00000000,0.00000000,1.00000000,0.95474048,0.00000000,1
0.305711,0.084265,3.627972,-1.00000000,0.00000000,0.95386653,0.00000000,0.00000000,0.00000000,1.00000000,0.95386653,0.00000000,1
0.308617,0.085063,3.628089,-1.00000000,0.00000000,0.95298419,0.00000000,0.00000000,0.00000000,1.00000000,0.95298419,0.00000000,1
0.311523,0.085861,3.628207,-1.00000000,0.00000000,0.95209344,0.00000000,0.00000000,0.00000000,1.00000000,0.95209344,0.00000000,1
0.314429,0.086659,3.628326,-1.00000000,0.00000000,0.95119429,0.00000000,0.00000000,0.00000000,1.00000000,0.95119429,0.00000000,1
0.317335,0.087457,3.628445,-1.00000000,0.00000000,0.95028674,0.00000000,0.00000000,0.00000000,1.00000000,0.95028674,0.00000000,1
0.320240,0.088255,3.628565,-1.00000000,0.00000000,0.94937078,0.00000000,0.00000000,0.00000000,1.00000000,0.94937078,0.00000000,1
0.323146,0.089053,3.628685,-1.00000000,0.00000000,0.94844640,0.00000000,0.00000000,0.00000000,1.00000000,0.94844640,0.00000000,1
0.326052,0.089851,3.628806,-1.00000000,0.00000000,0.94751362,0.00000000,0.00000000,0.00000000,1.00000000,0.94751362,0.00000000,1
0.328958,0.090649,3.628927,-1.00000000,0.00000000,0.94657241,0.00000000,0.00000000,0.00000000,1.00000000,0.94657241,0.00000000,1
0.331864,0.091446,3.629049,-1.00000000,0.00000000,0.94562279,0.00000000,0.00000000,0.00000000,1.00000000,0.94562279,0.00000000,1
0.334770,0.092244,3.629172,-1.00000000,0.00000000,0.94466475,0.00000000,0.00000000,0.00000000,1.00000000,0.94466475,0.00000000,1
0.337675,0.093042,3.629295,-1.00000000,0.00000000,0.94369829,0.00000000,0.00000000,0.00000000,1.00000000,0.94369829,0.00000000,1
0.340581,0.093839,3.629419,-1.00000000,0.00000000,0.94272342,0.00000000,0.00000000,0.00000000,1.00000000,0.94272342,0.00000000,1
0.343487,0.094636,3.629543,-1.00000000,0.00000000,0.94174013,0.00000000,0.00000000,0.00000000,1.00000000,0.94174013,0.00000000,1
0.346393,0.095434,3.629668,-1.00000000,0.00000000,0.94074844,0.00000000,0.00000000,0.00000000,1.00000000,0.94074844,0.00000000,1
0.349299,0.096231,3.629794,-1.00000000,0.00000000,0.93974835,0.00000000,0.00000000,0.00000000,1.00000000,0.93974835,0.00000000,1
0.352204,0.097028,3.629920,-1.00000000,0.00000000,0.93873988,0.00000000,0.00000000,0.00000000,1.00000000,0.93873988,0.00000000,1
0.355110,0.097825,3.630048,-1.00000000,0.00000000,0.93772309,0.00000000,0.00000000,0.00000000,1.00000000,0.93772309,0.00000000,1
0.358016,0.098622,3.630177,-1.00000000,0.00000000,0.93669790,0.00000000,0.00000000,0.00000000,1.00000000,0.93669790,0.00000000,1
0.360922,0.099419,3.630306,-1.00000000,0.00000000,0.93566429,0.00000000,0.00000000,0.00000000,1.00000000,0.93566429,0.00000000,1
0.363828,0.100216,3.630435,-1.00000000,0.00000000,0.93462228,0.00000000,0.00000000,0.00000000,1.00000000,0.93462228,0.00000000,1
0.366733,0.101013,3.630565,-1.00000000,0.00000000,0.93357185,0.00000000,0.00000000,0.00000000,1.00000000,0.93357185,0.00000000,1
0.369639,0.101809,3.630696,-1.00000000,0.00000000,0.93251300,0.00000000,0.00000000,0.00000000,1.00000000,0.93251300,0.00000000,1
0.372545,0.102606,3.630827,-1.00000000,0.00000000,0.93144573,0.00000000,0.00000000,0.00000000,1.00000000,0.93144573,0.00000000,1
0.375451,0.103403,3.630958,-1.00000000,0.00000000,0.93037004,0.00000000,0.00000000,0.00000000,1.00000000,0.93037004,0.00000000,1
0.378357,0.104199,3.631089,-1.00000000,0.00000000,0.92928593,0.00000000,0.00000000,0.00000000,1.00000000,0.92928593,0.00000000,1
0.381263,0.104996,3.631221,-1.00000000,0.00000000,0.92819340,0.00000000,0.00000000,0.00000000,1.00000000,0.92819340,0.00000000,1
0.384168,0.105792,3.631353,-1.00000000,0.00000000,0.92709244,0.00000000,0.00000000,0.00000000,1.00000000,0.92709244,0.00000000,1
0.387074,0.106588,3.631486,-1.00000000,0.00000000,0.92598306,0.00000000,0.00000000,0.00000000,1.00000000,0.92598306,0.00000000,1
0.389980,0.107385,3.631619,-1.00000000,0.00000000,0.92486525,0.00000000,0.00000000,0.00000000,1.00000000,0.92486525,0.00000000,1
0.392886,0.108181,3.631752,-1.00000000,0.00000000,0.92373901,0.00000000,0.00000000,0.00000000,1.00000000,0.92373901,0.00000000,1
0.395792,0.108977,3.631885,-1.00000000,0.00000000,0.92260434,0.00000000,0.00000000,0.00000000,1.00000000,0.92260434,0.00000000,1
0.398697,0.109773,3.632019,-1.00000000,0.00000000,0.92146124,0.00000000,0.00000000,0.00000000,1.00000000,0.92146124,0.00000000,1
0.401603,0.110569,3.632153,-1.00000000,0.00000000,0.92030971,0.00000000,0.00000000,0.00000000,1.00000000,0.92030971,0.00000000,1
0.404509,0.111365,3.632287,-1.00000000,0.00000000,0.91914974,0.00000000,0.00000000,0.00000000,1.00000000,0.91914974,0.00000000,1
0.407415,0.112161,3.632421,-1.00000000,0.00000000,0.91798134,0.00000000,0.00000000,0.00000000,1.00000000,0.91798134,0.00000000,1
0.410321,0.112956,3.632555,-1.00000000,0.00000000,0.91680450,0.00000000,0.00000000,0.00000000,1.00000000,0.91680450,0.00000000,1
0.413226,0.113752,3.632690,-1.00000000,0.00000000,0.91561922,0.00000000,0.00000000,0.00000000,1.00000000,0.91561922,0.00000000,1
0.416132,0.114548,3.632825,-1.00000000,0.00000000,0.91442551,0.00000000,-0.00000000,0.00000000,1.00000000,0.91442551,0.00000000,1
0.419038,0.115343,3.632960,-1.00000000,0.00000000,0.91322335,0.00000000,0.00000000,0.00000000,1.00000000,0.91322335,0.00000000,1
0.421944,0.116139,3.633094,-1.00000000,0.00000000,0.91201275,0.00000000,0.00000000,0.00000000,1.00000000,0.91201275,0.00000000,1
0.424850,0.116934,3.633229,-1.00000000,0.00000000,0.91079370,0.00000000,0.00000000,0.00000000,1.00000000,0.91079370,0.00000000,1
0.427756,0.117730,3.633365,-1.00000000,0.00000000,0.90956621,0.00000000,0.00000000,0.00000000,1.00000000,0.90956621,0.00000000,1
0.430661,0.118525,3.633500,-1.00000000,0.00000000,0.90833027,0.00000000,0.00000000,0.00000000,1.00000000,0.90833027,0.00000000,1
0.433567,0.119321,3.633635,-1.00000000,0.00000000,0.90708589,0.00000000,0.00000000,0.00000000,1.00000000,0.90708589,0.00000000,1
0.436473,0.120116,3.633770,-1.00000000,0.00000000,0.90583305,0.00000000,0.00000000,0.00000000,1.00000000,0.90583305,0.00000000,1
0.439379,0.120911,3.633905,-1.00000000,0.00000000,0.90457177,0.00000000,0.00000000,0.00000000,1.00000000,0.90457177,0.00000000,1
0.442285,0.121706,3.634040,-1.00000000,0.00000000,0.90330203,0.00000000,0.00000000,0.00000000,1.00000000,0.90330203,0.00000000,1
0.445190,0.122501,3.634175,-1.00000000,0.00000000,0.90202383,0.00000000,0.00000000,0.00000000,1.00000000,0.90202383,0.00000000,1
0.448096,0.123296,3.634310,-1.00000000,0.00000000,0.90073719,0.00000000,0.00000000,0.00000000,1.00000000,0.90073719,0.00000000,1
0.451002,0.124091,3.634444,-1.00000000,0.00000000,0.89944208,0.00000000,0.00000000,0.00000000,1.00000000,0.89944208,0.00000000,1
0.453908,0.124886,3.634579,-1.00000000,0.00000000,0.89813852,0.00000000,0.00000000,0.00000000,1.00000000,0.89813852,0.00000000,1
0.456814,0.125681,3.634714,-1.00000000,0.00000000,0.89682650,0.00000000,0.00000000,0.00000000,1.00000000,0.89682650,0.00000000,1
0.459719,0.126476,3.634848,-1.00000000,0.00000000,0.89550602,0.00000000,0.00000000,0.00000000,1.00000000,0.89550602,0.00000000,1
0.462625,0.127270,3.634982,-1.00000000,0.00000000,0.89417707,0.00000000,0.00000000,0.00000000,1.00000000,0.89417707,0.00000000,1
0.465531,0.128065,3.635116,-1.00000000,0.00000000,0.89283967,0.00000000,0.00000000,0.00000000,1.00000000,0.89283967,0.00000000,1
0.468437,0.128860,3.635249,-1.00000000,0.00000000,0.89149380,0.00000000,0.00000000,0.00000000,1.00000000,0.89149380,0.00000000,1
0.471343,0.129654,3.635383,-1.00000000,0.00000000,0.89013946,0.00000000,0.00000000,0.00000000,1.00000000,0.89013946,0.00000000,1
0.474248,0.130449,3.635516,-1.00000000,0.00000000,0.88877666,0.00000000,0.00000000,0.00000000,1.00000000,0.88877666,0.00000000,1
0.477154,0.131243,3.635649,-1.00000000,0.00000000,0.88740538,0.00000000,0.00000000,0.00000000,1.00000000,0.88740538,0.00000000,1
0.480060,0.132038,3.635781,-1.00000000,0.00000000,0.88602564,0.00000000,0.00000000,0.00000000,1.00000000,0.88602564,0.00000000,1
0.482966,0.132832,3.635913,-1.00000000,0.00000000,0.88463743,0.00000000,0.00000000,0.00000000,1.00000000,0.88463743,0.00000000,1
0.485872,0.133626,3.636045,-1.00000000,0.00000000,0.88324074,0.00000000,0.00000000,0.00000000,1.00000000,0.88324074,0.00000000,1
0.488778,0.134421,3.636176,-1.00000000,0.00000000,0.88183559,0.00000000,0.00000000,0.00000000,1.00000000,0.88183559,0.00000000,1
0.491683,0.135215,3.636307,-1.00000000,0.00000000,0.88042195,0.00000000,0.00000000,0.00000000,1.00000000,0.88042195,0.00000000,1
0.494589,0.136009,3.636437,-1.00000000,0.00000000,0.87899985,0.00000000,0.00000000,0.00000000,1.00000000,0.87899985,0.00000000,1
0.497495,0.136803,3.636567,-1.00000000,0.00000000,0.87756926,0.00000000,0.00000000,0.00000000,1.00000000,0.87756926,0.00000000,1
0.500401,0.137598,3.636697,-1.00000000,0.00000000,0.87613020,0.00000000,0.00000000,0.00000000,1.00000000,0.87613020,0.00000000,1
0.503307,0.138392,3.636825,-1.00000000,0.00000000,0.87468266,0.00000000,0.00000000,0.00000000,1.00000000,0.87468266,0.00000000,1
0.506212,0.139186,3.636954,-1.00000000,0.00000000,0.87322664,0.00000000,0.00000000,0.00000000,1.00000000,0.87322664,0.00000000,1
0.509118,0.139980,3.637082,-1.00000000,0.00000000,0.87176213,0.00000000,0.00000000,0.00000000,1.00000000,0.87176213,0.00000000,1
0.512024,0.140774,3.637209,-1.00000000,0.00000000,0.87028915,0.00000000,-0.00000000,0.00000000,1.00000000,0.87028915,0.00000000,1
0.514930,0.141568,3.637335,-1.00000000,0.00000000,0.86880768,0.00000000,0.00000000,0.00000000,1.00000000,0.86880768,0.00000000,1
0.517836,0.142362,3.637461,-1.00000000,0.00000000,0.86731772,0.00000000,0.00000000,0.00000000,1.00000000,0.86731772,0.00000000,1
0.520741,0.143156,3.637586,-1.00000000,0.00000000,0.86581928,0.00000000,0.00000000,0.00000000,1.00000000,0.86581928,0.00000000,1
0.523647,0.143950,3.637711,-1.00000000,0.00000000,0.86431236,0.00000000,0.00000000,0.00000000,1.00000000,0.86431236,0.00000000,1
0.526553,0.144744,3.637834,-1.00000000,0.00000000,0.86279694,0.00000000,0.00000000,0.00000000,1.00000000,0.86279694,0.00000000,1
0.529459,0.145537,3.637957,-1.00000000,0.00000000,0.86127304,0.00000000,0.00000000,0.00000000,1.00000000,0.86127304,0.00000000,1
0.532365,0.146331,3.638079,-1.00000000,0.00000000,0.85974064,0.00000000,0.00000000,0.00000000,1.00000000,0.85974064,0.00000000,1
0.535271,0.147125,3.638201,-1.00000000,0.00000000,0.85819976,0.00000000,0.00000000,0.00000000,1.00000000,0.85819976,0.00000000,1
0.538176,0.147919,3.638321,-1.00000000,0.00000000,0.85665038,0.00000000,0.00000000,0.00000000,1.00000000,0.85665038,0.00000000,1
0.541082,0.148713,3.638441,-1.00000000,0.00000000,0.85509251,0.00000000,0.00000000,0.00000000,1.00000000,0.85509251,0.00000000,1
0.543988,0.149506,3.638560,-1.00000000,0.00000000,0.85352614,0.00000000,-0.00000000,0.00000000,1.00000000,0.85352614,0.00000000,1
0.546894,0.150300,3.638677,-1.00000000,0.00000000,0.85195128,0.00000000,-0.00000000,0.00000000,1.00000000,0.85195128,0.00000000,1
0.549800,0.151094,3.638794,-1.00000000,0.00000000,0.85036792,0.00000000,-0.00000000,0.00000000,1.00000000,0.85036792,0.00000000,1
0.552705,0.151888,3.638910,-1.00000000,0.00000000,0.84877607,0.00000000,-0.00000000,0.00000000,1.00000000,0.84877607,0.00000000,1
0.555611,0.152681,3.639025,-1.00000000,0.00000000,0.84717571,0.00000000,-0.00000000,0.00000000,1.00000000,0.84717571,0.00000000,1
0.558517,0.153475,3.639139,-1.00000000,0.00000000,0.84556686,0.00000000,0.00000000,0.00000000,1.00000000,0.84556686,0.00000000,1
0.561423,0.154269,3.639251,-1.00000000,0.00000000,0.84394950,0.00000000,-0.00000000,0.00000000,1.00000000,0.84394950,0.00000000,1
0.564329,0.155062,3.639363,-1.00000000,0.00000000,0.84232364,0.00000000,0.00000000,0.00000000,1.00000000,0.84232364,0.00000000,1
0.567234,0.155856,3.639474,-1.00000000,0.00000000,0.84068927,0.00000000,0.00000000,0.00000000,1.00000000,0.84068927,0.00000000,1
0.570140,0.156650,3.639583,-1.00000000,0.00000000,0.83904640,0.00000000,-0.00000000,0.00000000,1.00000000,0.83904640,0.00000000,1
0.573046,0.157444,3.639691,-1.00000000,0.00000000,0.83739502,0.00000000,0.00000000,0.00000000,1.00000000,0.83739502,0.00000000,1
0.575952,0.158237,3.639798,-1.00000000,0.00000000,0.83573513,0.00000000,0.00000000,0.00000000,1.00000000,0.83573513,0.00000000,1
0.578858,0.159031,3.639903,-1.00000000,0.00000000,0.83406673,0.00000000,0.00000000,0.00000000,1.00000000,0.83406673,0.00000000,1
0.581764,0.159825,3.640008,-1.00000000,0.00000000,0.83238982,0.00000000,0.00000000,0.00000000,1.00000000,0.83238982,0.00000000,1
0.584669,0.160619,3.640111,-1.00000000,0.00000000,0.83070439,0.00000000,0.00000000,0.00000000,1.00000000,0.83070439,0.00000000,1
0.587575,0.161412,3.640212,-1.00000000,0.00000000,0.82901045,0.00000000,0.00000000,0.00000000,1.00000000,0.82901045,0.00000000,1
0.590481,0.162206,3.640313,-1.00000000,0.00000000,0.82730798,0.00000000,0.00000000,0.00000000,1.00000000,0.82730798,0.00000000,1
0.593387,0.163000,3.640411,-1.00000000,0.00000000,0.82559700,0.00000000,0.00000000,0.00000000,1.00000000,0.82559700,0.00000000,1
0.596293,0.163794,3.640509,-1.00000000,0.00000000,0.82387749,0.00000000,-0.00000000,0.00000000,1.00000000,0.82387749,0.00000000,1
0.599198,0.164588,3.640605,-1.00000000,0.00000000,0.82214946,0.00000000,-0.00000000,0.00000000,1.00000000,0.82214946,0.00000000,1
0.602104,0.165381,3.640699,-1.00000000,0.00000000,0.82041290,0.00000000,0.00000000,0.00000000,1.00000000,0.82041290,0.00000000,1
0.605010,0.166175,3.640792,-1.00000000,0.00000000,0.81866780,0.00000000,0.00000000,0.00000000,1.00000000,0.81866780,0.00000000,1
0.607916,0.166969,3.640883,-1.00000000,0.00000000,0.81691417,0.00000000,0.00000000,0.00000000,1.00000000,0.81691417,0.00000000,1
0.610822,0.167763,3.640972,-1.00000000,0.00000000,0.81515201,0.00000000,0.00000000,0.00000000,1.00000000,0.81515201,0.00000000,1
0.613727,0.168557,3.641060,-1.00000000,0.00000000,0.81338130,0.00000000,0.00000000,0.00000000,1.00000000,0.81338130,0.00000000,1
0.616633,0.169351,3.641146,-1.00000000,0.00000000,0.81160205,0.00000000,0.00000000,0.00000000,1.00000000,0.81160205,0.00000000,1
0.619539,0.170146,3.641230,-1.00000000,0.00000000,0.80981425,0.00000000,0.00000000,0.00000000,1.00000000,0.80981425,0.00000000,1
0.622445,0.170940,3.641312,-1.00000000,0.00000000,0.80801790,0.00000000,0.00000000,0.00000000,1.00000000,0.80801790,0.00000000,1
0.625351,0.171734,3.641392,-1.00000000,0.00000000,0.80621300,0.00000000,0.00000000,0.00000000,1.00000000,0.80621300,0.00000000,1
0.628257,0.172528,3.641471,-1.00000000,0.00000000,0.80439954,0.00000000,-0.00000000,0.00000000,1.00000000,0.80439954,0.00000000,1
0.631162,0.173323,3.641548,-1.00000000,0.00000000,0.80257752,0.00000000,-0.00000000,0.00000000,1.00000000,0.80257752,0.00000000,1
0.634068,0.174117,3.641622,-1.00000000,0.00000000,0.80074694,0.00000000,0.00000000,0.00000000,1.00000000,0.80074694,0.00000000,1
0.636974,0.174911,3.641695,-1.00000000,0.00000000,0.79890780,0.00000000,0.00000000,0.00000000,1.00000000,0.79890780,0.00000000,1
0.639880,0.175706,3.641766,-1.00000000,0.00000000,0.79706009,0.00000000,0.00000000,0.00000000,1.00000000,0.79706009,0.00000000,1
0.642786,0.176500,3.641834,-1.00000000,0.00000000,0.79520381,0.00000000,-0.00000000,0.00000000,1.00000000,0.79520381,0.00000000,1
0.645691,0.177295,3.641901,-1.00000000,0.00000000,0.79333897,0.00000000,0.00000000,0.00000000,1.00000000,0.79333897,0.00000000,1
0.648597,0.178090,3.641966,-1.00000000,0.00000000,0.79146556,0.00000000,0.00000000,0.00000000,1.00000000,0.79146556,0.00000000,1
0.651503,0.178885,3.642028,-1.00000000,0.00000000,0.78958360,0.00000000,0.00000000,0.00000000,1.00000000,0.78958360,0.00000000,1
0.654409,0.179679,3.642090,-1.00000000,0.00000000,0.78769310,0.00000000,-0.00000000,0.00000000,1.00000000,0.78769310,0.00000000,1
0.657315,0.180474,3.642151,-1.00000000,0.00000000,0.78579417,0.00000000,0.00000000,0.00000000,1.00000000,0.78579417,0.00000000,1
0.660220,0.181269,3.642210,-1.00000000,0.00000000,0.78388668,0.00000000,0.00000000,0.00000000,1.00000000,0.78388668,0.00000000,1
0.663126,0.182064,3.642268,-1.00000000,0.00000000,0.78197065,0.00000000,0.00000000,0.00000000,1.00000000,0.78197065,0.00000000,1
0.666032,0.182859,3.642323,-1.00000000,0.00000000,0.78004607,0.00000000,0.00000000,0.00000000,1.00000000,0.78004607,0.00000000,1
0.668938,0.183654,3.642376,-1.00000000,0.00000000,0.77811293,0.00000000,0.00000000,0.00000000,1.00000000,0.77811293,0.00000000,1
0.671844,0.184449,3.642426,-1.00000000,0.00000000,0.77617124,0.00000000,0.00000000,0.00000000,1.00000000,0.77617124,0.00000000,1
0.674749,0.185245,3.642475,-1.00000000,0.00000000,0.77422100,0.00000000,0.00000000,0.00000000,1.00000000,0.77422100,0.00000000,1
0.677655,0.186040,3.642521,-1.00000000,0.00000000,0.77226220,0.00000000,0.00000000,0.00000000,1.00000000,0.77226220,0.00000000,1
0.680561,0.186836,3.642564,-1.00000000,0.00000000,0.77029485,0.00000000,0.00000000,0.00000000,1.00000000,0.77029485,0.00000000,1
0.683467,0.187631,3.642606,-1.00000000,0.00000000,0.76831894,0.00000000,0.00000000,0.00000000,1.00000000,0.76831894,0.00000000,1
0.686373,0.188427,3.642645,-1.00000000,0.00000000,0.76633447,0.00000000,0.00000000,0.00000000,1.00000000,0.76633447,0.00000000,1
0.689279,0.189223,3.642681,-1.00000000,0.00000000,0.76434144,0.00000000,-0.00000000,0.00000000,1.00000000,0.76434144,0.00000000,1
0.692184,0.190019,3.642716,-1.00000000,0.00000000,0.76233986,0.00000000,-0.00000000,0.00000000,1.00000000,0.76233986,0.00000000,1
0.695090,0.190815,3.642747,-1.00000000,0.00000000,0.76032971,0.00000000,0.00000000,0.00000000,1.00000000,0.76032971,0.00000000,1
0.697996,0.191611,3.642776,-1.00000000,0.00000000,0.75831101,0.00000000,-0.00000000,0.00000000,1.00000000,0.75831101,0.00000000,1
0.700902,0.192407,3.642803,-1.00000000,0.00000000,0.75628375,0.00000000,0.00000000,0.00000000,1.00000000,0.75628375,0.00000000,1
0.703808,0.193204,3.642827,-1.00000000,0.00000000,0.75424792,0.00000000,0.00000000,0.00000000,1.00000000,0.75424792,0.00000000,1
0.706713,0.194000,3.642848,-1.00000000,0.00000000,0.75220354,0.00000000,0.00000000,0.00000000,1.00000000,0.75220354,0.00000000,1
0.709619,0.194797,3.642866,-1.00000000,0.00000000,0.75015059,0.00000000,0.00000000,0.00000000,1.00000000,0.75015059,0.00000000,1
0.712525,0.195594,3.642882,-1.00000000,0.00000000,0.74808908,0.00000000,-0.00000000,0.00000000,1.00000000,0.74808908,0.00000000,1
0.715431,0.196391,3.642895,-1.00000000,0.00000000,0.74601900,0.00000000,0.00000000,0.00000000,1.00000000,0.74601900,0.00000000,1
0.718337,0.197188,3.642906,-1.00000000,0.00000000,0.74394037,0.00000000,0.00000000,0.00000000,1.00000000,0.74394037,0.00000000,1
0.721242,0.197985,3.642913,-1.00000000,0.00000000,0.74185317,0.00000000,0.00000000,0.00000000,1.00000000,0.74185317,0.00000000,1
0.724148,0.198782,3.642918,-1.00000000,0.00000000,0.73975741,0.00000000,0.00000000,0.00000000,1.00000000,0.73975741,0.00000000,1
0.727054,0.199580,3.642920,-1.00000000,0.00000000,0.73765308,0.00000000,0.00000000,0.00000000,1.00000000,0.73765308,0.00000000,1
0.729960,0.200378,3.642919,-1.00000000,0.00000000,0.73554018,0.00000000,0.00000000,0.00000000,1.00000000,0.73554018,0.00000000,1
0.732866,0.201176,3.642915,-1.00000000,0.00000000,0.73341871,0.00000000,0.00000000,0.00000000,1.00000000,0.73341871,0.00000000,1
0.735772,0.201974,3.642907,-1.00000000,0.00000000,0.73128867,0.00000000,0.00000000,0.00000000,1.00000000,0.73128867,0.00000000,1
0.738677,0.202772,3.642897,-1.00000000,0.00000000,0.72915005,0.00000000,0.00000000,0.00000000,1.00000000,0.72915005,0.00000000,1
0.741583,0.203570,3.642884,-1.00000000,0.00000000,0.72700286,0.00000000,0.00000000,0.00000000,1.00000000,0.72700286,0.00000000,1
0.744489,0.204369,3.642867,-1.00000000,0.00000000,0.72484709,0.00000000,0.00000000,0.00000000,1.00000000,0.72484709,0.00000000,1
0.747395,0.205168,3.642847,-1.00000000,0.00000000,0.72268275,0.00000000,0.00000000,0.00000000,1.00000000,0.72268275,0.00000000,1
0.750301,0.205967,3.642824,-1.00000000,0.00000000,0.72050984,0.00000000,0.00000000,0.00000000,1.00000000,0.72050984,0.00000000,1
0.753206,0.206766,3.642798,-1.00000000,0.00000000,0.71832835,0.00000000,0.00000000,0.00000000,1.00000000,0.71832835,0.00000000,1
0.756112,0.207565,3.642769,-1.00000000,0.00000000,0.71613828,0.00000000,0.00000000,0.00000000,1.00000000,0.71613828,0.00000000,1
0.759018,0.208365,3.642736,-1.00000000,0.00000000,0.71393963,0.00000000,0.00000000,0.00000000,1.00000000,0.71393963,0.00000000,1
0.761924,0.209165,3.642699,-1.00000000,0.00000000,0.71173241,0.00000000,-0.00000000,0.00000000,1.00000000,0.71173241,0.00000000,1
0.764830,0.209965,3.642659,-1.00000000,0.00000000,0.70951660,0.00000000,0.00000000,0.00000000,1.00000000,0.70951660,0.00000000,1
0.767735,0.210765,3.642616,-1.00000000,0.00000000,0.70729222,0.00000000,0.00000000,0.00000000,1.00000000,0.70729222,0.00000000,1
0.770641,0.211565,3.642569,-1.00000000,0.00000000,0.70505926,0.00000000,0.00000000,0.00000000,1.00000000,0.70505926,0.00000000,1
0.773547,0.212366,3.642518,-1.00000000,0.00000000,0.70281773,0.00000000,0.00000000,0.00000000,1.00000000,0.70281773,0.00000000,1
0.776453,0.213167,3.642464,-1.00000000,0.00000000,0.70056761,0.00000000,0.00000000,0.00000000,1.00000000,0.70056761,0.00000000,1
0.779359,0.213968,3.642406,-1.00000000,0.00000000,0.69830891,0.00000000,-0.00000000,0.00000000,1.00000000,0.69830891,0.00000000,1
0.782265,0.214769,3.642345,-1.00000000,0.00000000,0.69604163,0.00000000,0.00000000,0.00000000,1.00000000,0.69604163,0.00000000,1
0.785170,0.215571,3.642280,-1.00000000,0.00000000,0.69376577,0.00000000,-0.00000000,0.00000000,1.00000000,0.69376577,0.00000000,1
0.788076,0.216373,3.642211,-1.00000000,0.00000000,0.69148133,0.00000000,0.00000000,0.00000000,1.00000000,0.69148133,0.00000000,1
0.790982,0.217175,3.642138,-1.00000000,0.00000000,0.68918831,0.00000000,0.00000000,0.00000000,1.00000000,0.68918831,0.00000000,1
0.793888,0.217978,3.642061,-1.00000000,0.00000000,0.68688671,0.00000000,-0.00000000,0.00000000,1.00000000,0.68688671,0.00000000,1
0.796794,0.218780,3.641980,-1.00000000,0.00000000,0.68457653,0.00000000,0.00000000,0.00000000,1.00000000,0.68457653,0.00000000,1
0.799699,0.219583,3.641895,-1.00000000,0.00000000,0.68225777,0.00000000,0.00000000,0.00000000,1.00000000,0.68225777,0.00000000,1
0.802605,0.220387,3.641806,-1.00000000,0.00000000,0.67993043,0.00000000,0.00000000,0.00000000,1.00000000,0.67993043,0.00000000,1
0.805511,0.221190,3.641713,-1.00000000,0.00000000,0.67759451,0.00000000,-0.00000000,0.00000000,1.00000000,0.67759451,0.00000000,1
0.808417,0.221994,3.641617,-1.00000000,0.00000000,0.67525001,0.00000000,0.00000000,0.00000000,1.00000000,0.67525001,0.00000000,1
0.811323,0.222798,3.641515,-1.00000000,0.00000000,0.67289693,0.00000000,0.00000000,0.00000000,1.00000000,0.67289693,0.00000000,1
0.814228,0.223603,3.641410,-1.00000000,0.00000000,0.67053527,0.00000000,0.00000000,0.00000000,1.00000000,0.67053527,0.00000000,1
0.817134,0.224407,3.641300,-1.00000000,0.00000000,0.66816503,0.00000000,0.00000000,0.00000000,1.00000000,0.66816503,0.00000000,1
0.820040,0.225212,3.641187,-1.00000000,0.00000000,0.66578621,0.00000000,0.00000000,0.00000000,1.00000000,0.66578621,0.00000000,1
0.822946,0.226018,3.641068,-1.00000000,0.00000000,0.66339882,0.00000000,-0.00000000,0.00000000,1.00000000,0.66339882,0.00000000,1
0.825852,0.226823,3.640946,-1.00000000,0.00000000,0.66100285,0.00000000,0.00000000,0.00000000,1.00000000,0.66100285,0.00000000,1
0.828758,0.227629,3.640819,-1.00000000,0.00000000,0.65859830,0.00000000,0.00000000,0.00000000,1.00000000,0.65859830,0.00000000,1
0.831663,0.228436,3.640687,-1.00000000,0.00000000,0.65618518,0.00000000,0.00000000,0.00000000,1.00000000,0.65618518,0.00000000,1
0.834569,0.229243,3.640551,-1.00000000,0.00000000,0.65376348,0.00000000,0.00000000,0.00000000,1.00000000,0.65376348,0.00000000,1
0.837475,0.230050,3.640411,-1.00000000,0.00000000,0.65133321,0.00000000,-0.00000000,0.00000000,1.00000000,0.65133321,0.00000000,1
0.840381,0.230857,3.640266,-1.00000000,0.00000000,0.64889437,0.00000000,0.00000000,0.00000000,1.00000000,0.64889437,0.00000000,1
0.843287,0.231665,3.640116,-1.00000000,0.00000000,0.64644695,0.00000000,0.00000000,0.00000000,1.00000000,0.64644695,0.00000000,1
0.846192,0.232473,3.639961,-1.00000000,0.00000000,0.64399097,0.00000000,0.00000000,0.00000000,1.00000000,0.64399097,0.00000000,1
0.849098,0.233281,3.639802,-1.00000000,0.00000000,0.64152642,0.00000000,0.00000000,0.00000000,1.00000000,0.64152642,0.00000000,1
0.852004,0.234090,3.639638,-1.00000000,0.00000000,0.63905330,0.00000000,0.00000000,0.00000000,1.00000000,0.63905330,0.00000000,1
0.854910,0.234900,3.639470,-1.00000000,0.00000000,0.63657161,0.00000000,0.00000000,0.00000000,1.00000000,0.63657161,0.00000000,1
0.857816,0.235709,3.639296,-1.00000000,0.00000000,0.63408137,0.00000000,0.00000000,0.00000000,1.00000000,0.63408137,0.00000000,1
0.860721,0.236519,3.639115,-1.00000000,0.00000000,0.63158257,0.00000000,0.00000000,0.00000000,1.00000000,0.63158257,0.00000000,1
0.863627,0.237330,3.638929,-1.00000000,0.00000000,0.62907520,0.00000000,0.00000000,0.00000000,1.00000000,0.62907520,0.00000000,1
0.866533,0.238141,3.638739,-1.00000000,0.00000000,0.62655926,0.00000000,0.00000000,0.00000000,1.00000000,0.62655926,0.00000000,1
0.869439,0.238953,3.638543,-1.00000000,0.00000000,0.62403474,0.00000000,0.00000000,0.00000000,1.00000000,0.62403474,0.00000000,1
0.872345,0.239764,3.638342,-1.00000000,0.00000000,0.62150165,0.00000000,0.00000000,0.00000000,1.00000000,0.62150165,0.00000000,1
0.875251,0.240577,3.638135,-1.00000000,0.00000000,0.61895999,0.00000000,0.00000000,0.00000000,1.00000000,0.61895999,0.00000000,1
0.878156,0.241389,3.637923,-1.00000000,0.00000000,0.61640976,0.00000000,0.00000000,0.00000000,1.00000000,0.61640976,0.00000000,1
0.881062,0.242203,3.637706,-1.00000000,0.00000000,0.61385096,0.00000000,0.00000000,0.00000000,1.00000000,0.61385096,0.00000000,1
0.883968,0.243016,3.637483,-1.00000000,0.00000000,0.61128360,0.00000000,0.00000000,0.00000000,1.00000000,0.61128360,0.00000000,1
0.886874,0.243830,3.637255,-1.00000000,0.00000000,0.60870766,0.00000000,0.00000000,0.00000000,1.00000000,0.60870766,0.00000000,1
0.889780,0.244645,3.637021,-1.00000000,0.00000000,0.60612315,0.00000000,0.00000000,0.00000000,1.00000000,0.60612315,0.00000000,1
0.892685,0.245460,3.636782,-1.00000000,0.00000000,0.60353008,0.00000000,0.00000000,0.00000000,1.00000000,0.60353008,0.00000000,1
0.895591,0.246276,3.636537,-1.00000000,0.00000000,0.60092845,0.00000000,0.00000000,0.00000000,1.00000000,0.60092845,0.00000000,1
0.898497,0.247092,3.636286,-1.00000000,0.00000000,0.59831824,0.00000000,0.00000000,0.00000000,1.00000000,0.59831824,0.00000000,1
0.901403,0.247909,3.636030,-1.00000000,0.00000000,0.59569948,0.00000000,0.00000000,0.00000000,1.00000000,0.59569948,0.00000000,1
0.904309,0.248726,3.635768,-1.00000000,0.00000000,0.59307215,0.00000000,0.00000000,0.00000000,1.00000000,0.59307215,0.00000000,1
0.907214,0.249543,3.635500,-1.00000000,0.00000000,0.59043626,0.00000000,0.00000000,0.00000000,1.00000000,0.59043626,0.00000000,1
0.910120,0.250361,3.635225,-1.00000000,0.00000000,0.58779181,0.00000000,0.00000000,0.00000000,1.00000000,0.58779181,0.00000000,1
0.913026,0.251180,3.634945,-1.00000000,0.00000000,0.58513879,0.00000000,0.00000000,0.00000000,1.00000000,0.58513879,0.00000000,1
0.915932,0.251999,3.634659,-1.00000000,0.00000000,0.58247722,0.00000000,0.00000000,0.00000000,1.00000000,0.58247722,0.00000000,1
0.918838,0.252819,3.634367,-1.00000000,0.00000000,0.57980709,0.00000000,0.00000000,0.00000000,1.00000000,0.57980709,0.00000000,1
0.921743,0.253640,3.634068,-1.00000000,0.00000000,0.57712841,0.00000000,0.00000000,0.00000000,1.00000000,0.57712841,0.00000000,1
0.924649,0.254460,3.633764,-1.00000000,0.00000000,0.57444117,0.00000000,0.00000000,0.00000000,1.00000000,0.57444117,0.00000000,1
0.927555,0.255282,3.633453,-1.00000000,0.00000000,0.57174537,0.00000000,0.00000000,0.00000000,1.00000000,0.57174537,0.00000000,1
0.930461,0.256104,3.633136,-1.00000000,0.00000000,0.56904102,0.00000000,0.00000000,0.00000000,1.00000000,0.56904102,0.00000000,1
0.933367,0.256927,3.632812,-1.00000000,0.00000000,0.56632812,0.00000000,0.00000000,0.00000000,1.00000000,0.56632812,0.00000000,1
0.936273,0.257750,3.632482,-1.00000000,0.00000000,0.56360668,0.00000000,0.00000000,0.00000000,1.00000000,0.56360668,0.00000000,1
0.939178,0.258574,3.632145,-1.00000000,0.00000000,0.56087668,0.00000000,0.00000000,0.00000000,1.00000000,0.56087668,0.00000000,1
0.942084,0.259399,3.631802,-1.00000000,0.00000000,0.55813813,0.00000000,0.00000000,0.00000000,1.00000000,0.55813813,0.00000000,1
0.944990,0.260224,3.631452,-1.00000000,0.00000000,0.55539104,0.00000000,0.00000000,0.00000000,1.00000000,0.55539104,0.00000000,1
0.947896,0.261050,3.631096,-1.00000000,0.00000000,0.55263541,0.00000000,0.00000000,0.00000000,1.00000000,0.55263541,0.00000000,1
0.950802,0.261876,3.630732,-1.00000000,0.00000000,0.54987123,0.00000000,0.00000000,0.00000000,1.00000000,0.54987123,0.00000000,1
0.953707,0.262703,3.630362,-1.00000000,0.00000000,0.54709851,0.00000000,0.00000000,0.00000000,1.00000000,0.54709851,0.00000000,1
0.956613,0.263531,3.629985,-1.00000000,0.00000000,0.54431725,0.00000000,0.00000000,0.00000000,1.00000000,0.54431725,0.00000000,1
0.959519,0.264359,3.629602,-1.00000000,0.00000000,0.54152745,0.00000000,0.00000000,0.00000000,1.00000000,0.54152745,0.00000000,1
0.962425,0.265188,3.629211,-1.00000000,0.00000000,0.53872912,0.00000000,0.00000000,0.00000000,1.00000000,0.53872912,0.00000000,1
0.965331,0.266018,3.628813,-1.00000000,0.00000000,0.53592225,0.00000000,0.00000000,0.00000000,1.00000000,0.53592225,0.00000000,1
0.968236,0.266849,3.628408,-1.00000000,0.00000000,0.53310685,0.00000000,-0.00000000,0.00000000,1.00000000,0.53310685,0.00000000,1
0.971142,0.267680,3.627996,-1.00000000,0.00000000,0.53028292,0.00000000,0.00000000,0.00000000,1.00000000,0.53028292,0.00000000,1
0.974048,0.268512,3.627576,-1.00000000,0.00000000,0.52745046,0.00000000,-0.00000000,0.00000000,1.00000000,0.52745046,0.00000000,1
0.976954,0.269345,3.627150,-1.00000000,0.00000000,0.52460948,0.00000000,0.00000000,0.00000000,1.00000000,0.52460948,0.00000000,1
0.979860,0.270178,3.626716,-1.00000000,0.00000000,0.52175997,0.00000000,-0.00000000,0.00000000,1.00000000,0.52175997,0.00000000,1
0.982766,0.271012,3.626274,-1.00000000,0.00000000,0.51890194,0.00000000,0.00000000,0.00000000,1.00000000,0.51890194,0.00000000,1
0.985671,0.271847,3.625825,-1.00000000,0.00000000,0.51603538,0.00000000,0.00000000,0.00000000,1.00000000,0.51603538,0.00000000,1
0.988577,0.272683,3.625369,-1.00000000,0.00000000,0.51316031,0.00000000,0.00000000,0.00000000,1.00000000,0.51316031,0.00000000,1
0.991483,0.273520,3.624905,-1.00000000,0.00000000,0.51027672,0.00000000,0.00000000,0.00000000,1.00000000,0.51027672,0.00000000,1
0.994389,0.274357,3.624433,-1.00000000,0.00000000,0.50738462,0.00000000,0.00000000,0.00000000,1.00000000,0.50738462,0.00000000,1
0.997295,0.275195,3.623954,-1.00000000,0.00000000,0.50448400,0.00000000,-0.00000000,0.00000000,1.00000000,0.50448400,0.00000000,1
1.000200,0.276034,3.623467,-1.00000000,0.00000000,0.50157487,0.00000000,0.00000000,0.00000000,1.00000000,0.50157487,0.00000000,1
1.003106,0.276874,3.622972,-1.00000000,0.00000000,0.49865724,0.00000000,0.00000000,0.00000000,1.00000000,0.49865724,0.00000000,1
1.006012,0.277714,3.622469,-1.00000000,0.00000000,0.49573110,0.00000000,0.00000000,0.00000000,1.00000000,0.49573110,0.00000000,1
1.008918,0.278556,3.621958,-1.00000000,0.00000000,0.49279646,0.00000000,0.00000000,0.00000000,1.00000000,0.49279646,0.00000000,1
1.011824,0.279398,3.621439,-1.00000000,0.00000000,0.48985332,0.00000000,0.00000000,0.00000000,1.00000000,0.48985332,0.00000000,1
1.014729,0.280241,3.620912,-1.00000000,0.00000000,0.48690168,0.00000000,0.00000000,0.00000000,1.00000000,0.48690168,0.00000000,1
1.017635,0.281085,3.620377,-1.00000000,0.00000000,0.48394154,0.00000000,0.00000000,0.00000000,1.00000000,0.48394154,0.00000000,1
1.020541,0.281930,3.619833,-1.00000000,0.00000000,0.48097291,0.00000000,0.00000000,0.00000000,1.00000000,0.48097291,0.00000000,1
1.023447,0.282776,3.619281,-1.00000000,0.00000000,0.47799580,0.00000000,0.00000000,0.00000000,1.00000000,0.47799580,0.00000000,1
1.026353,0.283623,3.618721,-1.00000000,0.00000000,0.47501019,0.00000000,0.00000000,0.00000000,1.00000000,0.47501019,0.00000000,1
1.029259,0.284471,3.618153,-1.00000000,0.00000000,0.47201610,0.00000000,0.00000000,0.00000000,1.00000000,0.47201610,0.00000000,1
1.032164,0.285319,3.617575,-1.00000000,0.00000000,0.46901353,0.00000000,0.00000000,0.00000000,1.00000000,0.46901353,0.00000000,1
1.035070,0.286169,3.616990,-1.00000000,0.00000000,0.46600248,0.00000000,0.00000000,0.00000000,1.00000000,0.46600248,0.00000000,1
1.037976,0.287019,3.616396,-1.00000000,0.00000000,0.46298295,0.00000000,0.00000000,0.00000000,1.00000000,0.46298295,0.00000000,1
1.040882,0.287871,3.615793,-1.00000000,0.00000000,0.45995495,0.00000000,0.00000000,0.00000000,1.00000000,0.45995495,0.00000000,1
1.043788,0.288723,3.615181,-1.00000000,0.00000000,0.45691848,0.00000000,0.00000000,0.00000000,1.00000000,0.45691848,0.00000000,1
1.046693,0.289577,3.614560,-1.00000000,0.00000000,0.45387354,0.00000000,0.00000000,0.00000000,1.00000000,0.45387354,0.00000000,1
1.049599,0.290431,3.613931,-1.00000000,0.00000000,0.45082014,0.00000000,0.00000000,0.00000000,1.00000000,0.45082014,0.00000000,1
1.052505,0.291287,3.613292,-1.00000000,0.00000000,0.44775827,0.00000000,0.00000000,0.00000000,1.00000000,0.44775827,0.00000000,1
1.055411,0.292144,3.612645,-1.00000000,0.00000000,0.44468795,0.00000000,0.00000000,0.00000000,1.00000000,0.44468795,0.00000000,1
1.058317,0.293001,3.611988,-1.00000000,0.00000000,0.44160917,0.00000000,0.00000000,0.00000000,1.00000000,0.44160917,0.00000000,1
1.061222,0.293860,3.611323,-1.00000000,0.00000000,0.43852194,0.00000000,0.00000000,0.00000000,1.00000000,0.43852194,0.00000000,1
1.064128,0.294719,3.610648,-1.00000000,0.00000000,0.43542626,0.00000000,0.00000000,0.00000000,1.00000000,0.43542626,0.00000000,1
1.067034,0.295580,3.609963,-1.00000000,0.00000000,0.43232214,0.00000000,0.00000000,0.00000000,1.00000000,0.43232214,0.00000000,1
1.069940,0.296442,3.609270,-1.00000000,0.00000000,0.42920958,0.00000000,0.00000000,0.00000000,1.00000000,0.42920958,0.00000000,1
1.072846,0.297305,3.608567,-1.00000000,0.00000000,0.42608857,0.00000000,0.00000000,0.00000000,1.00000000,0.42608857,0.00000000,1
1.075752,0.298169,3.607854,-1.00000000,0.00000000,0.42295913,0.00000000,0.00000000,0.00000000,1.00000000,0.42295913,0.00000000,1
1.078657,0.299035,3.607132,-1.00000000,0.00000000,0.41982127,0.00000000,0.00000000,0.00000000,1.00000000,0.41982127,0.00000000,1
1.081563,0.299901,3.606400,-1.00000000,0.00000000,0.41667497,0.00000000,0.00000000,0.00000000,1.00000000,0.41667497,0.00000000,1
1.084469,0.300769,3.605659,-1.00000000,0.00000000,0.41352025,0.00000000,0.00000000,0.00000000,1.00000000,0.41352025,0.00000000,1
1.087375,0.301637,3.604907,-1.00000000,0.00000000,0.41035711,0.00000000,0.00000000,0.00000000,1.00000000,0.41035711,0.00000000,1
1.090281,0.302507,3.604146,-1.00000000,0.00000000,0.40718555,0.00000000,0.00000000,0.00000000,1.00000000,0.40718555,0.00000000,1
1.093186,0.303378,3.603375,-1.00000000,0.00000000,0.40400558,0.00000000,0.00000000,0.00000000,1.00000000,0.40400558,0.00000000,1
1.096092,0.304251,3.602594,-1.00000000,0.00000000,0.40081720,0.00000000,0.00000000,0.00000000,1.00000000,0.40081720,0.00000000,1
1.098998,0.305124,3.601803,-1.00000000,0.00000000,0.39762041,0.00000000,0.00000000,0.00000000,1.00000000,0.39762041,0.00000000,1
1.101904,0.305999,3.601002,-1.00000000,0.00000000,0.39441522,0.00000000,0.00000000,0.00000000,1.00000000,0.39441522,0.00000000,1
1.104810,0.306875,3.600190,-1.00000000,0.00000000,0.39120164,0.00000000,0.00000000,0.00000000,1.00000000,0.39120164,0.00000000,1
1.107715,0.307753,3.599369,-1.00000000,0.00000000,0.38797966,0.00000000,0.00000000,0.00000000,1.00000000,0.38797966,0.00000000,1
1.110621,0.308631,3.598537,-1.00000000,0.00000000,0.38474929,0.00000000,0.00000000,0.00000000,1.00000000,0.38474929,0.00000000,1
1.113527,0.309511,3.597694,-1.00000000,0.00000000,0.38151054,0.00000000,0.00000000,0.00000000,1.00000000,0.38151054,0.00000000,1
1.116433,0.310393,3.596841,-1.00000000,0.00000000,0.37826341,0.00000000,0.00000000,0.00000000,1.00000000,0.37826341,0.00000000,1
1.119339,0.311275,3.595978,-1.00000000,0.00000000,0.37500790,0.00000000,-0.00000000,0.00000000,1.00000000,0.37500790,0.00000000,1
1.122244,0.312159,3.595104,-1.00000000,0.00000000,0.37174402,0.00000000,-0.00000000,0.00000000,1.00000000,0.37174402,0.00000000,1
1.125150,0.313044,3.594219,-1.00000000,0.00000000,0.36847176,0.00000000,0.00000000,0.00000000,1.00000000,0.36847176,0.00000000,1
1.128056,0.313931,3.593323,-1.00000000,0.00000000,0.36519115,0.00000000,-0.00000000,0.00000000,1.00000000,0.36519115,0.00000000,1
1.130962,0.314819,3.592417,-1.00000000,0.00000000,0.36190217,0.00000000,0.00000000,0.00000000,1.00000000,0.36190217,0.00000000,1
1.133868,0.315709,3.591500,-1.00000000,0.00000000,0.35860484,0.00000000,0.00000000,0.00000000,1.00000000,0.35860484,0.00000000,1
1.136774,0.316600,3.590571,-1.00000000,0.00000000,0.35529916,0.00000000,0.00000000,0.00000000,1.00000000,0.35529916,0.00000000,1
1.139679,0.317492,3.589632,-1.00000000,0.00000000,0.35198513,0.00000000,0.00000000,0.00000000,1.00000000,0.35198513,0.00000000,1
1.142585,0.318386,3.588682,-1.00000000,0.00000000,0.34866276,0.00000000,0.00000000,0.00000000,1.00000000,0.34866276,0.00000000,1
1.145491,0.319281,3.587720,-1.00000000,0.00000000,0.34533206,0.00000000,0.00000000,0.00000000,1.00000000,0.34533206,0.00000000,1
1.148397,0.320178,3.586747,-1.00000000,0.00000000,0.34199302,0.00000000,-0.00000000,0.00000000,1.00000000,0.34199302,0.00000000,1
1.151303,0.321076,3.585763,-1.00000000,0.00000000,0.33864565,0.00000000,-0.00000000,0.00000000,1.00000000,0.33864565,0.00000000,1
1.154208,0.321976,3.584767,-1.00000000,0.00000000,0.33528996,0.00000000,0.00000000,0.00000000,1.00000000,0.33528996,0.00000000,1
1.157114,0.322877,3.583760,-1.00000000,0.00000000,0.33192595,0.00000000,-0.00000000,0.00000000,1.00000000,0.33192595,0.00000000,1
1.160020,0.323780,3.582742,-1.00000000,0.00000000,0.32855363,0.00000000,0.00000000,0.00000000,1.00000000,0.32855363,0.00000000,1
1.162926,0.324684,3.581712,-1.00000000,0.00000000,0.32517300,0.00000000,0.00000000,0.00000000,1.00000000,0.32517300,0.00000000,1
1.165832,0.325590,3.580670,-1.00000000,0.00000000,0.32178407,0.00000000,0.00000000,0.00000000,1.00000000,0.32178407,0.00000000,1
1.168737,0.326498,3.579616,-1.00000000,0.00000000,0.31838683,0.00000000,0.00000000,0.00000000,1.00000000,0.31838683,0.00000000,1
1.171643,0.327407,3.578551,-1.00000000,0.00000000,0.31498131,0.00000000,0.00000000,0.00000000,1.00000000,0.31498131,0.00000000,1
1.174549,0.328318,3.577474,-1.00000000,0.00000000,0.31156749,0.00000000,-0.00000000,0.00000000,1.00000000,0.31156749,0.00000000,1
1.177455,0.329231,3.576385,-1.00000000,0.00000000,0.30814539,0.00000000,0.00000000,0.00000000,1.00000000,0.30814539,0.00000000,1
1.180361,0.330145,3.575283,-1.00000000,0.00000000,0.30471501,0.00000000,0.00000000,0.00000000,1.00000000,0.30471501,0.00000000,1
1.183267,0.331060,3.574170,-1.00000000,0.00000000,0.30127636,0.00000000,0.00000000,0.00000000,1.00000000,0.30127636,0.00000000,1
1.186172,0.331978,3.573045,-1.00000000,0.00000000,0.29782944,0.00000000,0.00000000,0.00000000,1.00000000,0.29782944,0.00000000,1
1.189078,0.332897,3.571907,-1.00000000,0.00000000,0.29437425,0.00000000,-0.00000000,0.00000000,1.00000000,0.29437425,0.00000000,1
1.191984,0.333818,3.570757,-1.00000000,0.00000000,0.29091081,0.00000000,-0.00000000,0.00000000,1.00000000,0.29091081,0.00000000,1
1.194890,0.334741,3.569595,-1.00000000,0.00000000,0.28743911,0.00000000,0.00000000,0.00000000,1.00000000,0.28743911,0.00000000,1
1.197796,0.335665,3.568421,-1.00000000,0.00000000,0.28395917,0.00000000,0.00000000,0.00000000,1.00000000,0.28395917,0.00000000,1
1.200701,0.336592,3.567233,-1.00000000,0.00000000,0.28047098,0.00000000,0.00000000,0.00000000,1.00000000,0.28047098,0.00000000,1
1.203607,0.337520,3.566034,-1.00000000,0.00000000,0.27697455,0.00000000,0.00000000,0.00000000,1.00000000,0.27697455,0.00000000,1
1.206513,0.338450,3.564822,-1.00000000,0.00000000,0.27346989,0.00000000,0.00000000,0.00000000,1.00000000,0.27346989,0.00000000,1
1.209419,0.339381,3.563597,-1.00000000,0.00000000,0.26995701,0.00000000,0.00000000,0.00000000,1.00000000,0.26995701,0.00000000,1
1.212325,0.340315,3.562360,-1.00000000,0.00000000,0.26643590,0.00000000,0.00000000,0.00000000,1.00000000,0.26643590,0.00000000,1
1.215230,0.341251,3.561109,-1.00000000,0.00000000,0.26290657,0.00000000,-0.00000000,0.00000000,1.00000000,0.26290657,0.00000000,1
1.218136,0.342188,3.559846,-1.00000000,0.00000000,0.25936904,0.00000000,-0.00000000,0.00000000,1.00000000,0.25936904,0.00000000,1
1.221042,0.343127,3.558571,-1.00000000,0.00000000,0.25582329,0.00000000,-0.00000000,0.00000000,1.00000000,0.25582329,0.00000000,1
1.223948,0.344068,3.557282,-1.00000000,0.00000000,0.25226934,0.00000000,0.00000000,0.00000000,1.00000000,0.25226934,0.00000000,1
1.226854,0.345011,3.555980,-1.00000000,0.00000000,0.24870720,0.00000000,0.00000000,0.00000000,1.00000000,0.24870720,0.00000000,1
1.229760,0.345956,3.554665,-1.00000000,0.00000000,0.24513686,0.00000000,0.00000000,0.00000000,1.00000000,0.24513686,0.00000000,1
1.232665,0.346904,3.553338,-1.00000000,0.00000000,0.24155834,0.00000000,-0.00000000,0.00000000,1.00000000,0.24155834,0.00000000,1
1.235571,0.347853,3.551997,-1.00000000,0.00000000,0.23797163,0.00000000,0.00000000,0.00000000,1.00000000,0.23797163,0.00000000,1
1.238477,0.348804,3.550643,-1.00000000,0.00000000,0.23437675,0.00000000,-0.00000000,0.00000000,1.00000000,0.23437675,0.00000000,1
1.241383,0.349757,3.549276,-1.00000000,0.00000000,0.23077369,0.00000000,0.00000000,0.00000000,1.00000000,0.23077369,0.00000000,1
1.244289,0.350712,3.547896,-1.00000000,0.00000000,0.22716246,0.00000000,0.00000000,0.00000000,1.00000000,0.22716246,0.00000000,1
1.247194,0.351669,3.546503,-1.00000000,0.00000000,0.22354306,0.00000000,0.00000000,0.00000000,1.00000000,0.22354306,0.00000000,1
1.250100,0.352628,3.545097,-1.00000000,0.00000000,0.21991551,0.00000000,-0.00000000,0.00000000,1.00000000,0.21991551,0.00000000,1
1.253006,0.353589,3.543677,-1.00000000,0.00000000,0.21627979,0.00000000,-0.00000000,0.00000000,1.00000000,0.21627979,0.00000000,1
1.255912,0.354553,3.542245,-1.00000000,0.00000000,0.21263592,0.00000000,0.00000000,0.00000000,1.00000000,0.21263592,0.00000000,1
1.258818,0.355518,3.540799,-1.00000000,0.00000000,0.20898389,0.00000000,0.00000000,0.00000000,1.00000000,0.20898389,0.00000000,1
1.261723,0.356485,3.539340,-1.00000000,0.00000000,0.20532372,0.00000000,0.00000000,0.00000000,1.00000000,0.20532372,0.00000000,1
1.264629,0.357455,3.537869,-1.00000000,0.00000000,0.20165540,0.00000000,0.00000000,0.00000000,1.00000000,0.20165540,0.00000000,1
1.267535,0.358427,3.536384,-1.00000000,0.00000000,0.19797892,0.00000000,0.00000000,0.00000000,1.00000000,0.19797892,0.00000000,1
1.270441,0.359401,3.534886,-1.00000000,0.00000000,0.19429430,0.00000000,0.00000000,0.00000000,1.00000000,0.19429430,0.00000000,1
1.273347,0.360377,3.533376,-1.00000000,0.00000000,0.19060154,0.00000000,-0.00000000,0.00000000,1.00000000,0.19060154,0.00000000,1
1.276253,0.361355,3.531853,-1.00000000,0.00000000,0.18690062,0.00000000,-0.00000000,0.00000000,1.00000000,0.18690062,0.00000000,1
1.279158,0.362335,3.530318,-1.00000000,0.00000000,0.18319155,0.00000000,0.00000000,0.00000000,1.00000000,0.18319155,0.00000000,1
1.282064,0.363317,3.528771,-1.00000000,0.00000000,0.17947432,0.00000000,0.00000000,0.00000000,1.00000000,0.17947432,0.00000000,1
1.284970,0.364302,3.527211,-1.00000000,0.00000000,0.17574893,0.00000000,0.00000000,0.00000000,1.00000000,0.17574893,0.00000000,1
1.287876,0.365288,3.525640,-1.00000000,0.00000000,0.17201537,0.00000000,-0.00000000,0.00000000,1.00000000,0.17201537,0.00000000,1
1.290782,0.366277,3.524058,-1.00000000,0.00000000,0.16827362,0.00000000,0.00000000,0.00000000,1.00000000,0.16827362,0.00000000,1
1.293687,0.367268,3.522465,-1.00000000,0.00000000,0.16452367,0.00000000,0.00000000,0.00000000,1.00000000,0.16452367,0.00000000,1
1.296593,0.368260,3.520863,-1.00000000,0.00000000,0.16076551,0.00000000,0.00000000,0.00000000,1.00000000,0.16076551,0.00000000,1
1.299499,0.369255,3.519250,-1.00000000,0.00000000,0.15699910,0.00000000,0.00000000,0.00000000,1.00000000,0.15699910,0.00000000,1
1.302405,0.370251,3.517629,-1.00000000,0.00000000,0.15322442,0.00000000,0.00000000,0.00000000,1.00000000,0.15322442,0.00000000,1
1.305311,0.371249,3.516001,-1.00000000,0.00000000,0.14944143,0.00000000,-0.00000000,0.00000000,1.00000000,0.14944143,0.00000000,1
1.308216,0.372248,3.514367,-1.00000000,0.00000000,0.14565007,0.00000000,0.00000000,0.00000000,1.00000000,0.14565007,0.00000000,1
1.311122,0.373249,3.512729,-1.00000000,0.00000000,0.14185029,0.00000000,0.00000000,0.00000000,1.00000000,0.14185029,0.00000000,1
1.314028,0.374251,3.511089,-1.00000000,0.00000000,0.13804199,0.00000000,0.00000000,0.00000000,1.00000000,0.13804199,0.00000000,1
1.316934,0.375254,3.509449,-1.00000000,0.00000000,0.13422509,0.00000000,-0.00000000,0.00000000,1.00000000,0.13422509,0.00000000,1
1.319840,0.376257,3.507814,-1.00000000,0.00000000,0.13039942,0.00000000,0.00000000,0.00000000,1.00000000,0.13039942,0.00000000,1
1.322745,0.377260,3.506189,-1.00000000,0.00000000,0.12656482,0.00000000,0.00000000,0.00000000,1.00000000,0.12656482,0.00000000,1
1.325651,0.378263,3.504579,-1.00000000,0.00000000,0.12272103,0.00000000,0.00000000,0.00000000,1.00000000,0.12272103,0.00000000,1
1.328557,0.379263,3.502994,-1.00000000,0.00000000,0.11886773,0.00000000,0.00000000,0.00000000,1.00000000,0.11886773,0.00000000,1
1.331463,0.380261,3.501444,-1.00000000,0.00000000,0.11500447,0.00000000,-0.00000000,0.00000000,1.00000000,0.11500447,0.00000000,1
1.334369,0.381254,3.499946,-1.00000000,0.00000000,0.11113061,0.00000000,0.00000000,0.00000000,1.00000000,0.11113061,0.00000000,1
1.337275,0.382240,3.498522,-1.00000000,0.00000000,0.10724531,0.00000000,0.00000000,0.00000000,1.00000000,0.10724531,0.00000000,1
1.340180,0.383215,3.497203,-1.00000000,0.00000000,0.10334735,0.00000000,0.00000000,0.00000000,1.00000000,0.10334735,0.00000000,1
1.343086,0.384175,3.496031,-1.00000000,0.00000000,0.09943510,0.00000000,0.00000000,0.00000000,1.00000000,0.09943510,0.00000000,1
1.345992,0.385113,3.495059,-1.00000000,0.00000000,0.09550642,0.00000000,0.00000000,0.00000000,1.00000000,0.09550642,0.00000000,1
1.348898,0.386022,3.494352,-1.00000000,0.00000000,0.09155874,0.00000000,0.00000000,0.00000000,1.00000000,0.09155874,0.00000000,1
1.351804,0.386895,3.493977,-1.00000000,0.00000000,0.08758947,0.00000000,0.00000000,0.00000000,1.00000000,0.08758947,0.00000000,1
1.354709,0.387727,3.493978,-1.00000000,0.00000000,0.08359674,0.00000000,0.00000000,0.00000000,1.00000000,0.08359674,0.00000000,1
1.357615,0.388516,3.494364,-1.00000000,0.00000000,0.07958015,0.00000000,-0.00000000,0.00000000,1.00000000,0.07958015,0.00000000,1
1.360521,0.389265,3.495103,-1.00000000,0.00000000,0.07554089,0.00000000,0.00000000,0.00000000,1.00000000,0.07554089,0.00000000,1
1.363427,0.389981,3.496136,-1.00000000,0.00000000,0.07148114,0.00000000,-0.00000000,0.00000000,1.00000000,0.07148114,0.00000000,1
1.366333,0.390671,3.497403,-1.00000000,0.00000000,0.06740331,0.00000000,-0.00000000,0.00000000,1.00000000,0.06740331,0.00000000,1
1.369238,0.391340,3.498846,-1.00000000,0.00000000,0.06330952,0.00000000,0.00000000,0.00000000,1.00000000,0.06330952,0.00000000,1
1.372144,0.391994,3.500423,-1.00000000,0.00000000,0.05920145,0.00000000,-0.00000000,0.00000000,1.00000000,0.05920145,0.00000000,1
1.375050,0.392636,3.502103,-1.00000000,0.00000000,0.05508034,0.00000000,0.00000000,0.00000000,1.00000000,0.05508034,0.00000000,1
1.377956,0.393268,3.503861,-1.00000000,0.00000000,0.05094711,0.00000000,-0.00000000,0.00000000,1.00000000,0.05094711,0.00000000,1
1.380862,0.393893,3.505681,-1.00000000,0.00000000,0.04680242,0.00000000,0.00000000,0.00000000,1.00000000,0.04680242,0.00000000,1
1.383768,0.394511,3.507550,-1.00000000,0.00000000,0.04264676,0.00000000,0.00000000,0.00000000,1.00000000,0.04264676,0.00000000,1
1.386673,0.395125,3.509459,-1.00000000,0.00000000,0.03848049,0.00000000,0.00000000,0.00000000,1.00000000,0.03848049,0.00000000,1
1.389579,0.395733,3.511402,-1.00000000,0.00000000,0.03430387,0.00000000,-0.00000000,0.00000000,1.00000000,0.03430387,0.00000000,1
1.392485,0.396338,3.513374,-1.00000000,0.00000000,0.03011712,0.00000000,0.00000000,0.00000000,1.00000000,0.03011712,0.00000000,1
1.395391,0.396940,3.515370,-1.00000000,0.00000000,0.02592039,0.00000000,0.00000000,0.00000000,1.00000000,0.02592039,0.00000000,1
1.398297,0.397538,3.517388,-1.00000000,0.00000000,0.02171381,0.00000000,0.00000000,0.00000000,1.00000000,0.02171381,0.00000000,1
1.401202,0.398134,3.519425,-1.00000000,0.00000000,0.01749749,0.00000000,-0.00000000,0.00000000,1.00000000,0.01749749,0.00000000,1
1.404108,0.398727,3.521480,-1.00000000,0.00000000,0.01327150,0.00000000,0.00000000,0.00000000,1.00000000,0.01327150,0.00000000,1
1.407014,0.399317,3.523550,-1.00000000,0.00000000,0.00903591,0.00000000,-0.00000000,0.00000000,1.00000000,0.00903591,0.00000000,1
1.409920,0.399905,3.525635,-1.00000000,0.00000000,0.00479078,0.00000000,0.00000000,0.00000000,1.00000000,0.00479078,0.00000000,1
1.412826,0.400491,3.527734,-1.00000000,0.00000000,0.00053616,0.00000000,0.00000000,0.00000000,1.00000000,0.00053616,0.00000000,1
1.415731,0.401075,3.529845,-1.00000000,0.00000000,-0.00372791,0.00000000,0.00000000,0.00000000,1.00000000,0.00372791,0.00000000,1
1.418637,0.401656,3.531969,-1.00000000,0.00000000,-0.00800140,0.00000000,-0.00000000,0.00000000,1.00000000,0.00800140,0.00000000,1
1.421543,0.402236,3.534105,-1.00000000,0.00000000,-0.01228427,0.00000000,-0.00000000,0.00000000,1.00000000,0.01228427,0.00000000,1
1.444790,0.423567,3.411004,-1.00000000,0.00000000,-0.04111314,0.00000000,0.00000000,0.00000000,1.00000000,0.04111314,0.00000000,1
1.447695,0.424741,3.408421,-1.00000000,0.00000000,-0.04527423,0.00000000,-0.00000000,0.00000000,1.00000000,0.04527423,0.00000000,1
1.450601,0.425919,3.405816,-1.00000000,0.00000000,-0.04944279,0.00000000,-0.00000000,0.00000000,1.00000000,0.04944279,0.00000000,1
1.453507,0.427102,3.403188,-1.00000000,0.00000000,-0.05361883,0.00000000,0.00000000,0.00000000,1.00000000,0.05361883,0.00000000,1
1.456413,0.428289,3.400537,-1.00000000,0.00000000,-0.05780232,0.00000000,-0.00000000,0.00000000,1.00000000,0.05780232,0.00000000,1
1.459319,0.429481,3.397865,-1.00000000,0.00000000,-0.06199329,0.00000000,0.00000000,0.00000000,1.00000000,0.06199329,0.00000000,1
1.462224,0.430678,3.395170,-1.00000000,0.00000000,-0.06619170,0.00000000,0.00000000,0.00000000,1.00000000,0.06619170,0.00000000,1
1.465130,0.431879,3.392452,-1.00000000,0.00000000,-0.07039757,0.00000000,0.00000000,0.00000000,1.00000000,0.07039757,0.00000000,1
1.468036,0.433086,3.389713,-1.00000000,0.00000000,-0.07461089,0.00000000,-0.00000000,0.00000000,1.00000000,0.07461089,0.00000000,1
1.470942,0.434297,3.386950,-1.00000000,0.00000000,-0.07883165,0.00000000,-0.00000000,0.00000000,1.00000000,0.07883165,0.00000000,1
1.473848,0.435513,3.384166,-1.00000000,0.00000000,-0.08305984,0.00000000,0.00000000,0.00000000,1.00000000,0.08305984,0.00000000,1
1.476754,0.436734,3.381359,-1.00000000,0.00000000,-0.08729547,0.00000000,0.00000000,0.00000000,1.00000000,0.08729547,0.00000000,1
1.479659,0.437960,3.378529,-1.00000000,0.00000000,-0.09153853,0.00000000,-0.00000000,0.00000000,1.00000000,0.09153853,0.00000000,1
1.482565,0.439190,3.375677,-1.00000000,0.00000000,-0.09578901,0.00000000,0.00000000,0.00000000,1.00000000,0.09578901,0.00000000,1
1.485471,0.440426,3.372802,-1.00000000,0.00000000,-0.10004691,0.00000000,0.00000000,0.00000000,1.00000000,0.10004691,0.00000000,1
1.488377,0.441667,3.369905,-1.00000000,0.00000000,-0.10431223,0.00000000,0.00000000,0.00000000,1.00000000,0.10431223,0.00000000,1
1.491283,0.442913,3.366986,-1.00000000,0.00000000,-0.10858496,0.00000000,0.00000000,0.00000000,1.00000000,0.10858496,0.00000000,1
1.494188,0.444164,3.364044,-1.00000000,0.00000000,-0.11286510,0.00000000,0.00000000,0.00000000,1.00000000,0.11286510,0.00000000,1
1.497094,0.445421,3.361079,-1.00000000,0.00000000,-0.11715264,0.00000000,-0.00000000,0.00000000,1.00000000,0.11715264,0.00000000,1
1.500000,0.446682,3.358092,-1.00000000,0.00000000,-0.12144760,0.00000000,0.00000000,0.00000000,1.00000000,0.12144760,0.00000000,1
